customer_id,customer_name,address
1,Customer_1,Address_1
2,Customer_2,Address_2
3,Customer_3,Address_3
4,Customer_4,Address_4
5,Customer_5,Address_5
6,Customer_6,Address_6
7,Customer_7,Address_7
8,Customer_8,Address_8
9,Customer_9,Address_9
10,Customer_10,Address_10
11,Customer_11,Address_11
12,Customer_12,Address_12
13,Customer_13,Address_13
14,Customer_14,Address_14
15,Customer_15,Address_15
16,Customer_16,Address_16
17,Customer_17,Address_17
18,Customer_18,Address_18
19,Customer_19,Address_19
20,Customer_20,Address_20
21,Customer_21,Address_21
22,Customer_22,Address_22
23,Customer_23,Address_23
24,Customer_24,Address_24
25,Customer_25,Address_25
26,Customer_26,Address_26
27,Customer_27,Address_27
28,Customer_28,Address_28
29,Customer_29,Address_29
30,Customer_30,Address_30
31,Customer_31,Address_31
32,Customer_32,Address_32
33,Customer_33,Address_33
34,Customer_34,Address_34
35,Customer_35,Address_35
36,Customer_36,Address_36
37,Customer_37,Address_37
38,Customer_38,Address_38
39,Customer_39,Address_39
40,Customer_40,Address_40
41,Customer_41,Address_41
42,Customer_42,Address_42
43,Customer_43,Address_43
44,Customer_44,Address_44
45,Customer_45,Address_45
46,Customer_46,Address_46
47,Customer_47,Address_47
48,Customer_48,Address_48
49,Customer_49,Address_49
50,Customer_50,Address_50
51,Customer_51,Address_51
52,Customer_52,Address_52
53,Customer_53,Address_53
54,Customer_54,Address_54
55,Customer_55,Address_55
56,Customer_56,Address_56
57,Customer_57,Address_57
58,Customer_58,Address_58
59,Customer_59,Address_59
60,Customer_60,Address_60
61,Customer_61,Address_61
62,Customer_62,Address_62
63,Customer_63,Address_63
64,Customer_64,Address_64
65,Customer_65,Address_65
66,Customer_66,Address_66
67,Customer_67,Address_67
68,Customer_68,Address_68
69,Customer_69,Address_69
70,Customer_70,Address_70
71,Customer_71,Address_71
72,Customer_72,Address_72
73,Customer_73,Address_73
74,Customer_74,Address_74
75,Customer_75,Address_75
76,Customer_76,Address_76
77,Customer_77,Address_77
78,Customer_78,Address_78
79,Customer_79,Address_79
80,Customer_80,Address_80
81,Customer_81,Address_81
82,Customer_82,Address_82
83,Customer_83,Address_83
84,Customer_84,Address_84
85,Customer_85,Address_85
86,Customer_86,Address_86
87,Customer_87,Address_87
88,Customer_88,Address_88
89,Customer_89,Address_89
90,Customer_90,Address_90
91,Customer_91,Address_91
92,Customer_92,Address_92
93,Customer_93,Address_93
94,Customer_94,Address_94
95,Customer_95,Address_95
96,Customer_96,Address_96
97,Customer_97,Address_97
98,Customer_98,Address_98
99,Customer_99,Address_99
100,Customer_100,Address_100
